--
-- PostgreSQL database dump
--

-- Dumped from database version 16.9
-- Dumped by pg_dump version 16.9

SET statement_timeout = 0;
SET lock_timeout = 0;
SET idle_in_transaction_session_timeout = 0;
SET client_encoding = 'UTF8';
SET standard_conforming_strings = on;
SELECT pg_catalog.set_config('search_path', '', false);
SET check_function_bodies = false;
SET xmloption = content;
SET client_min_messages = warning;
SET row_security = off;

SET default_tablespace = '';

SET default_table_access_method = heap;

--
-- Name: campanas_promocionales; Type: TABLE; Schema: public; Owner: postgres
--

CREATE TABLE public.campanas_promocionales (
    id_campana bigint NOT NULL,
    nombre character varying(255) NOT NULL,
    porcentaje_descuento double precision NOT NULL,
    filtro_marca character varying(255),
    filtro_color character varying(255),
    fecha_inicio date NOT NULL,
    fecha_fin date NOT NULL,
    activa boolean DEFAULT true NOT NULL
);


ALTER TABLE public.campanas_promocionales OWNER TO postgres;

--
-- Name: campanas_promocionales_id_campana_seq; Type: SEQUENCE; Schema: public; Owner: postgres
--

CREATE SEQUENCE public.campanas_promocionales_id_campana_seq
    AS integer
    START WITH 1
    INCREMENT BY 1
    NO MINVALUE
    NO MAXVALUE
    CACHE 1;


ALTER SEQUENCE public.campanas_promocionales_id_campana_seq OWNER TO postgres;

--
-- Name: campanas_promocionales_id_campana_seq; Type: SEQUENCE OWNED BY; Schema: public; Owner: postgres
--

ALTER SEQUENCE public.campanas_promocionales_id_campana_seq OWNED BY public.campanas_promocionales.id_campana;


--
-- Name: carrito_items; Type: TABLE; Schema: public; Owner: postgres
--

CREATE TABLE public.carrito_items (
    id bigint NOT NULL,
    cantidad integer NOT NULL,
    producto_id bigint NOT NULL
);


ALTER TABLE public.carrito_items OWNER TO postgres;

--
-- Name: carrito_items_id_seq; Type: SEQUENCE; Schema: public; Owner: postgres
--

ALTER TABLE public.carrito_items ALTER COLUMN id ADD GENERATED BY DEFAULT AS IDENTITY (
    SEQUENCE NAME public.carrito_items_id_seq
    START WITH 1
    INCREMENT BY 1
    NO MINVALUE
    NO MAXVALUE
    CACHE 1
);


--
-- Name: comprobantes; Type: TABLE; Schema: public; Owner: postgres
--

CREATE TABLE public.comprobantes (
    id_comprobante bigint NOT NULL,
    id_pedido bigint NOT NULL,
    tipo_comprobante character varying(20) NOT NULL,
    serie_numero character varying(50) NOT NULL,
    fecha_emision date NOT NULL,
    subtotal double precision NOT NULL,
    igv double precision NOT NULL,
    total double precision NOT NULL
);


ALTER TABLE public.comprobantes OWNER TO postgres;

--
-- Name: comprobantes_id_comprobante_seq; Type: SEQUENCE; Schema: public; Owner: postgres
--

CREATE SEQUENCE public.comprobantes_id_comprobante_seq
    AS integer
    START WITH 1
    INCREMENT BY 1
    NO MINVALUE
    NO MAXVALUE
    CACHE 1;


ALTER SEQUENCE public.comprobantes_id_comprobante_seq OWNER TO postgres;

--
-- Name: comprobantes_id_comprobante_seq; Type: SEQUENCE OWNED BY; Schema: public; Owner: postgres
--

ALTER SEQUENCE public.comprobantes_id_comprobante_seq OWNED BY public.comprobantes.id_comprobante;


--
-- Name: detalle_pedidos; Type: TABLE; Schema: public; Owner: postgres
--

CREATE TABLE public.detalle_pedidos (
    id_detalle bigint NOT NULL,
    id_pedido bigint NOT NULL,
    id_producto bigint NOT NULL,
    cantidad integer NOT NULL,
    precio_unitario double precision NOT NULL,
    talla_seleccionada character varying(255)
);


ALTER TABLE public.detalle_pedidos OWNER TO postgres;

--
-- Name: detalle_pedidos_id_detalle_seq; Type: SEQUENCE; Schema: public; Owner: postgres
--

CREATE SEQUENCE public.detalle_pedidos_id_detalle_seq
    AS integer
    START WITH 1
    INCREMENT BY 1
    NO MINVALUE
    NO MAXVALUE
    CACHE 1;


ALTER SEQUENCE public.detalle_pedidos_id_detalle_seq OWNER TO postgres;

--
-- Name: detalle_pedidos_id_detalle_seq; Type: SEQUENCE OWNED BY; Schema: public; Owner: postgres
--

ALTER SEQUENCE public.detalle_pedidos_id_detalle_seq OWNED BY public.detalle_pedidos.id_detalle;


--
-- Name: direcciones; Type: TABLE; Schema: public; Owner: postgres
--

CREATE TABLE public.direcciones (
    id_direccion bigint NOT NULL,
    id_usuario bigint NOT NULL,
    direccion_exacta character varying(255) NOT NULL,
    referencia character varying(255),
    distrito character varying(255) NOT NULL,
    activo boolean DEFAULT true
);


ALTER TABLE public.direcciones OWNER TO postgres;

--
-- Name: direcciones_id_direccion_seq; Type: SEQUENCE; Schema: public; Owner: postgres
--

CREATE SEQUENCE public.direcciones_id_direccion_seq
    AS integer
    START WITH 1
    INCREMENT BY 1
    NO MINVALUE
    NO MAXVALUE
    CACHE 1;


ALTER SEQUENCE public.direcciones_id_direccion_seq OWNER TO postgres;

--
-- Name: direcciones_id_direccion_seq; Type: SEQUENCE OWNED BY; Schema: public; Owner: postgres
--

ALTER SEQUENCE public.direcciones_id_direccion_seq OWNED BY public.direcciones.id_direccion;


--
-- Name: pagos; Type: TABLE; Schema: public; Owner: postgres
--

CREATE TABLE public.pagos (
    id_pago bigint NOT NULL,
    id_pedido bigint NOT NULL,
    metodo_pago character varying(50) NOT NULL,
    codigo_transaccion character varying(100),
    estado_pago character varying(50) NOT NULL
);


ALTER TABLE public.pagos OWNER TO postgres;

--
-- Name: pagos_id_pago_seq; Type: SEQUENCE; Schema: public; Owner: postgres
--

CREATE SEQUENCE public.pagos_id_pago_seq
    AS integer
    START WITH 1
    INCREMENT BY 1
    NO MINVALUE
    NO MAXVALUE
    CACHE 1;


ALTER SEQUENCE public.pagos_id_pago_seq OWNER TO postgres;

--
-- Name: pagos_id_pago_seq; Type: SEQUENCE OWNED BY; Schema: public; Owner: postgres
--

ALTER SEQUENCE public.pagos_id_pago_seq OWNED BY public.pagos.id_pago;


--
-- Name: pedidos; Type: TABLE; Schema: public; Owner: postgres
--

CREATE TABLE public.pedidos (
    id_pedido bigint NOT NULL,
    id_cliente bigint NOT NULL,
    id_repartidor bigint,
    id_direccion bigint NOT NULL,
    estado character varying(50) NOT NULL,
    total_pagar double precision NOT NULL,
    fecha_pedido date NOT NULL,
    tipo_pedido character varying(20) DEFAULT 'WEB'::character varying NOT NULL,
    fecha_entrega timestamp without time zone,
    id_vendedor bigint
);


ALTER TABLE public.pedidos OWNER TO postgres;

--
-- Name: pedidos_id_pedido_seq; Type: SEQUENCE; Schema: public; Owner: postgres
--

CREATE SEQUENCE public.pedidos_id_pedido_seq
    AS integer
    START WITH 1
    INCREMENT BY 1
    NO MINVALUE
    NO MAXVALUE
    CACHE 1;


ALTER SEQUENCE public.pedidos_id_pedido_seq OWNER TO postgres;

--
-- Name: pedidos_id_pedido_seq; Type: SEQUENCE OWNED BY; Schema: public; Owner: postgres
--

ALTER SEQUENCE public.pedidos_id_pedido_seq OWNED BY public.pedidos.id_pedido;


--
-- Name: producto_tallas; Type: TABLE; Schema: public; Owner: postgres
--

CREATE TABLE public.producto_tallas (
    id_producto bigint NOT NULL,
    stock integer,
    talla character varying(255) NOT NULL
);


ALTER TABLE public.producto_tallas OWNER TO postgres;

--
-- Name: productos; Type: TABLE; Schema: public; Owner: postgres
--

CREATE TABLE public.productos (
    id_producto bigint NOT NULL,
    nombre character varying(255) NOT NULL,
    categoria character varying(255) NOT NULL,
    marca character varying(255) NOT NULL,
    color character varying(255) NOT NULL,
    precio double precision NOT NULL,
    imagen text,
    descripcion text,
    genero character varying(255) DEFAULT 'Caballero'::character varying,
    descripcion_general text
);


ALTER TABLE public.productos OWNER TO postgres;

--
-- Name: productos_id_producto_seq; Type: SEQUENCE; Schema: public; Owner: postgres
--

CREATE SEQUENCE public.productos_id_producto_seq
    AS integer
    START WITH 1
    INCREMENT BY 1
    NO MINVALUE
    NO MAXVALUE
    CACHE 1;


ALTER SEQUENCE public.productos_id_producto_seq OWNER TO postgres;

--
-- Name: productos_id_producto_seq; Type: SEQUENCE OWNED BY; Schema: public; Owner: postgres
--

ALTER SEQUENCE public.productos_id_producto_seq OWNED BY public.productos.id_producto;


--
-- Name: reserva_temporal; Type: TABLE; Schema: public; Owner: postgres
--

CREATE TABLE public.reserva_temporal (
    id bigint NOT NULL,
    email_cliente character varying(255),
    expira_en timestamp(6) without time zone,
    fecha_creacion timestamp(6) without time zone
);


ALTER TABLE public.reserva_temporal OWNER TO postgres;

--
-- Name: reserva_temporal_detalle; Type: TABLE; Schema: public; Owner: postgres
--

CREATE TABLE public.reserva_temporal_detalle (
    id bigint NOT NULL,
    cantidad integer,
    talla character varying(255),
    producto_id bigint NOT NULL,
    reserva_id bigint NOT NULL
);


ALTER TABLE public.reserva_temporal_detalle OWNER TO postgres;

--
-- Name: reserva_temporal_detalle_id_seq; Type: SEQUENCE; Schema: public; Owner: postgres
--

ALTER TABLE public.reserva_temporal_detalle ALTER COLUMN id ADD GENERATED BY DEFAULT AS IDENTITY (
    SEQUENCE NAME public.reserva_temporal_detalle_id_seq
    START WITH 1
    INCREMENT BY 1
    NO MINVALUE
    NO MAXVALUE
    CACHE 1
);


--
-- Name: reserva_temporal_id_seq; Type: SEQUENCE; Schema: public; Owner: postgres
--

ALTER TABLE public.reserva_temporal ALTER COLUMN id ADD GENERATED BY DEFAULT AS IDENTITY (
    SEQUENCE NAME public.reserva_temporal_id_seq
    START WITH 1
    INCREMENT BY 1
    NO MINVALUE
    NO MAXVALUE
    CACHE 1
);


--
-- Name: roles; Type: TABLE; Schema: public; Owner: postgres
--

CREATE TABLE public.roles (
    id_rol integer NOT NULL,
    nombre character varying(50) NOT NULL
);


ALTER TABLE public.roles OWNER TO postgres;

--
-- Name: usuarios; Type: TABLE; Schema: public; Owner: postgres
--

CREATE TABLE public.usuarios (
    id_usuario bigint NOT NULL,
    nombre_completo character varying(255) NOT NULL,
    email character varying(255) NOT NULL,
    password character varying(255) NOT NULL,
    id_rol integer NOT NULL,
    tipo_documento character varying(20),
    numero_documento character varying(20),
    telefono character varying(20),
    activo boolean DEFAULT true NOT NULL,
    email_contacto character varying(255),
    telefono_secundario character varying(20),
    zona character varying(50)
);


ALTER TABLE public.usuarios OWNER TO postgres;

--
-- Name: usuarios_id_usuario_seq; Type: SEQUENCE; Schema: public; Owner: postgres
--

CREATE SEQUENCE public.usuarios_id_usuario_seq
    AS integer
    START WITH 1
    INCREMENT BY 1
    NO MINVALUE
    NO MAXVALUE
    CACHE 1;


ALTER SEQUENCE public.usuarios_id_usuario_seq OWNER TO postgres;

--
-- Name: usuarios_id_usuario_seq; Type: SEQUENCE OWNED BY; Schema: public; Owner: postgres
--

ALTER SEQUENCE public.usuarios_id_usuario_seq OWNED BY public.usuarios.id_usuario;


--
-- Name: campanas_promocionales id_campana; Type: DEFAULT; Schema: public; Owner: postgres
--

ALTER TABLE ONLY public.campanas_promocionales ALTER COLUMN id_campana SET DEFAULT nextval('public.campanas_promocionales_id_campana_seq'::regclass);


--
-- Name: comprobantes id_comprobante; Type: DEFAULT; Schema: public; Owner: postgres
--

ALTER TABLE ONLY public.comprobantes ALTER COLUMN id_comprobante SET DEFAULT nextval('public.comprobantes_id_comprobante_seq'::regclass);


--
-- Name: detalle_pedidos id_detalle; Type: DEFAULT; Schema: public; Owner: postgres
--

ALTER TABLE ONLY public.detalle_pedidos ALTER COLUMN id_detalle SET DEFAULT nextval('public.detalle_pedidos_id_detalle_seq'::regclass);


--
-- Name: direcciones id_direccion; Type: DEFAULT; Schema: public; Owner: postgres
--

ALTER TABLE ONLY public.direcciones ALTER COLUMN id_direccion SET DEFAULT nextval('public.direcciones_id_direccion_seq'::regclass);


--
-- Name: pagos id_pago; Type: DEFAULT; Schema: public; Owner: postgres
--

ALTER TABLE ONLY public.pagos ALTER COLUMN id_pago SET DEFAULT nextval('public.pagos_id_pago_seq'::regclass);


--
-- Name: pedidos id_pedido; Type: DEFAULT; Schema: public; Owner: postgres
--

ALTER TABLE ONLY public.pedidos ALTER COLUMN id_pedido SET DEFAULT nextval('public.pedidos_id_pedido_seq'::regclass);


--
-- Name: productos id_producto; Type: DEFAULT; Schema: public; Owner: postgres
--

ALTER TABLE ONLY public.productos ALTER COLUMN id_producto SET DEFAULT nextval('public.productos_id_producto_seq'::regclass);


--
-- Name: usuarios id_usuario; Type: DEFAULT; Schema: public; Owner: postgres
--

ALTER TABLE ONLY public.usuarios ALTER COLUMN id_usuario SET DEFAULT nextval('public.usuarios_id_usuario_seq'::regclass);


--
-- Data for Name: campanas_promocionales; Type: TABLE DATA; Schema: public; Owner: postgres
--

INSERT INTO public.campanas_promocionales (id_campana, nombre, porcentaje_descuento, filtro_marca, filtro_color, fecha_inicio, fecha_fin, activa) VALUES
('1', 'Fiestas Patrias Blanco', '20', NULL, 'Blanco', '2026-07-01', '2026-07-31', true),
('2', 'Fiestas Patrias Rojo', '20', NULL, 'Rojo', '2026-07-01', '2026-07-31', true),
('3', 'Sale Nike Todo el Mes', '10', 'Nike', NULL, '2026-07-01', '2026-07-31', true);


--
-- Data for Name: carrito_items; Type: TABLE DATA; Schema: public; Owner: postgres
--



--
-- Data for Name: comprobantes; Type: TABLE DATA; Schema: public; Owner: postgres
--



--
-- Data for Name: detalle_pedidos; Type: TABLE DATA; Schema: public; Owner: postgres
--



--
-- Data for Name: direcciones; Type: TABLE DATA; Schema: public; Owner: postgres
--

INSERT INTO public.direcciones (id_direccion, id_usuario, direccion_exacta, referencia, distrito, activo) VALUES
('1', '1', 'Av. Los Olivos 123', 'Frente al parque', 'Los Olivos', true),
('8', '5', 'Recojo en tienda / Por confirmar', NULL, 'Lima', true),
('9', '5', 'Recojo en tienda / Por confirmar', NULL, 'Lima', true),
('10', '5', 'Recojo en tienda / Por confirmar', NULL, 'Lima', true),
('13', '11', 'Compra Física en Tienda', NULL, 'Tienda', true),
('14', '12', 'Compra Física en Tienda', NULL, 'Tienda', true),
('15', '12', 'Recojo en tienda / Por confirmar', NULL, 'Lima', true),
('20', '7', 'LIMA, Lima, Chorrillos - av chorrillos #lt 56 casa de 4 pisos colo rojo', NULL, 'Chorrillos', true),
('3', '6', 'Recojo en tienda / Por confirmar', NULL, 'Lima', false),
('4', '6', 'Recojo en tienda / Por confirmar', NULL, 'Lima', false),
('5', '6', 'Recojo en tienda / Por confirmar', NULL, 'Lima', false),
('6', '6', 'Recojo en tienda / Por confirmar', NULL, 'Lima', false),
('7', '6', 'Recojo en tienda / Por confirmar', NULL, 'Lima', false),
('12', '6', 'Recojo en tienda / Por confirmar', NULL, 'Lima', false),
('16', '6', 'Recojo en tienda / Por confirmar', NULL, 'Lima', false),
('21', '6', 'LIMA, Lima, Ate - AV. SANTA CLARA #LT 78 Dpto Al costado de la comisaria de santa clara ', NULL, 'Ate', true),
('22', '6', 'LIMA, Lima, Ate - AV. SANTA CLARA #LT 78 Al costado de la comisaria de santa clara', NULL, 'Ate', true),
('11', '7', 'Recojo en tienda / Por confirmar', NULL, 'Lima', false),
('17', '7', 'Recojo en tienda / Por confirmar', NULL, 'Lima', false),
('18', '7', 'LIMA, Lima, Lima - av. lima  #lt 45 santa clara cara de 3 pisos color azul', NULL, 'Lima', false),
('19', '7', 'LIMA, Lima, Los Olivos - av olivos #lt 89 casa de porton rojo', NULL, 'Los Olivos', false);


--
-- Data for Name: pagos; Type: TABLE DATA; Schema: public; Owner: postgres
--



--
-- Data for Name: pedidos; Type: TABLE DATA; Schema: public; Owner: postgres
--



--
-- Data for Name: producto_tallas; Type: TABLE DATA; Schema: public; Owner: postgres
--

INSERT INTO public.producto_tallas (id_producto, stock, talla) VALUES
('7', '18', '44'),
('7', '0', '35'),
('7', '0', '36'),
('7', '0', '37'),
('7', '0', '38'),
('7', '18', '39'),
('7', '18', '40'),
('7', '18', '41'),
('7', '18', '42'),
('7', '18', '43'),
('8', '0', '35'),
('8', '0', '36'),
('8', '0', '37'),
('8', '0', '38'),
('8', '18', '39'),
('8', '18', '40'),
('8', '18', '41'),
('8', '18', '42'),
('8', '18', '43'),
('8', '18', '44'),
('4', '18', '44'),
('4', '18', '35'),
('4', '18', '36'),
('4', '18', '37'),
('4', '18', '38'),
('4', '18', '39'),
('4', '0', '40'),
('4', '18', '41'),
('4', '18', '42'),
('4', '18', '43'),
('3', '20', '44'),
('3', '20', '35'),
('3', '20', '36'),
('3', '20', '37'),
('3', '20', '38'),
('3', '15', '39'),
('3', '15', '40'),
('3', '20', '41'),
('3', '20', '42'),
('3', '19', '43');


--
-- Data for Name: productos; Type: TABLE DATA; Schema: public; Owner: postgres
--

INSERT INTO public.productos (id_producto, nombre, categoria, marca, color, precio, imagen, descripcion, genero, descripcion_general) VALUES
('7', 'Air Force 1 ''07', 'Urbano', 'Nike', 'Negro', '579', 'http://localhost:8090/uploads/1783920942111_NikeForce_negro_1_principal.jpg,http://localhost:8090/uploads/1783920947799_NikeForce_negro_2_suela.jpg,http://localhost:8090/uploads/1783920951444_NikeForce_negro_3_lateralder.jpg,http://localhost:8090/uploads/1783920955352_NikeForce_negro_4_superior.jpg,http://localhost:8090/uploads/1783920958539_NikeForce_negro_5_perspectiva.jpg,http://localhost:8090/uploads/1783920962118_NikeForce_negro_6_trasera.jpg,http://localhost:8090/uploads/1783920965705_NikeForce_negro_7_frente.jpg,http://localhost:8090/uploads/1783920969030_NikeForce_negro_8_talon.jpg', 'El fulgor vive en el Nike Air Force 1 ’07, el OG de básquetbol que le da un toque fresco a lo que mejor conoces: revestimientos con costuras duraderas, acabados impecables y la cantidad perfecta de destellos para que brilles.', 'Caballero', 'ESTILO LEGENDARIO Y REFINADO.\n\nEl fulgor vive en el Nike Air Force 1 ’07, el OG de básquetbol que le da un toque fresco a lo que mejor conoces: revestimientos con costuras duraderas, acabados impecables y la cantidad perfecta de destellos para que brilles.\n\n\nBeneficios\n\nLos revestimientos cosidos en la parte superior añaden un estilo de herencia con durabilidad y soporte.\nDiseñada originalmente para el básquetbol de alto rendimiento, la amortiguación Nike Air agrega comodidad ligera durante todo el día.\nEl estilo de corte low ofrece un look impecable y estilizado.\nLa zona del tobillo acolchada es suave y cómoda.\n\nDatos del producto\n\nEntresuela de espuma\nPerforaciones en la punta\nSuela de goma\n\nAir Force 1 Origins\n\n\nTras su debut en 1982, el AF1 revolucionó el deporte al convertirse en el primer calzado de básquetbol con el sistema Nike Air. Además, no tardó en ganarse su aceptación en todo el mundo. Hoy en día, el Air Force 1 sigue fiel a su origen con la misma amortiguación elástica y suave que cambió el curso de la historia del calzado.\n\n\n Color que se muestra: Blanco\n Estilo: CW2288-111'),
('8', 'Air Force 1 ''07', 'Urbano', 'Nike', 'Blanco', '579', 'http://localhost:8090/uploads/1783922032162_NikeFroce_blanco_1_principal.jpg,http://localhost:8090/uploads/1783922036183_NikeFroce_blanco_2_suela.jpg,http://localhost:8090/uploads/1783922040136_NikeFroce_blanco_3_lateralder.jpg,http://localhost:8090/uploads/1783922043466_NikeFroce_blanco_4_superior.jpg,http://localhost:8090/uploads/1783922046771_NikeFroce_blanco_5_perspectiva.jpg,http://localhost:8090/uploads/1783922053787_NikeFroce_blanco_6_trasera.jpg,http://localhost:8090/uploads/1783922057505_NikeFroce_blanco_7_frente.jpg,http://localhost:8090/uploads/1783922060802_NikeFroce_blanco_8_talon.jpg', 'El fulgor vive en el Nike Air Force 1 ’07, el OG de básquetbol que le da un toque fresco a lo que mejor conoces: revestimientos con costuras duraderas, acabados impecables y la cantidad perfecta de destellos para que brilles.', 'Caballero', 'ESTILO LEGENDARIO Y REFINADO.\n\nEl fulgor vive en el Nike Air Force 1 ’07, el OG de básquetbol que le da un toque fresco a lo que mejor conoces: revestimientos con costuras duraderas, acabados impecables y la cantidad perfecta de destellos para que brilles.\n\n\nBeneficios\n\nLos revestimientos cosidos en la parte superior añaden un estilo de herencia con durabilidad y soporte.\nDiseñada originalmente para el básquetbol de alto rendimiento, la amortiguación Nike Air agrega comodidad ligera durante todo el día.\nEl estilo de corte low ofrece un look impecable y estilizado.\nLa zona del tobillo acolchada es suave y cómoda.\n\nDatos del producto\n\nEntresuela de espuma\nPerforaciones en la punta\nSuela de goma\n\nAir Force 1 Origins\n\n\nTras su debut en 1982, el AF1 revolucionó el deporte al convertirse en el primer calzado de básquetbol con el sistema Nike Air. Además, no tardó en ganarse su aceptación en todo el mundo. Hoy en día, el Air Force 1 sigue fiel a su origen con la misma amortiguación elástica y suave que cambió el curso de la historia del calzado.\n\n\n Color que se muestra: Blanco\n Estilo: CW2288-111'),
('3', 'Air Force 1 ''07', 'Deportivo', 'Nike ', 'BLANCO', '467', 'http://localhost:8090/uploads/1783904338456_nikeairmax90.jpg,,,,,,,', 'Cómodos, duraderos y atemporales: por algo son los número 1. Estos Air Force 1 combinan una parte superior de cuero premium con una suela a juego para un look monocromático xd.', 'Mujer', 'lkajsdjasldjlasjdlkasjdñlasjdñaskd adasdasd'),
('4', 'Air Force 1', 'Urbano', 'Nike', 'Blanco', '550', 'http://localhost:8090/uploads/1783645200949_Air Force1.webp', 'Nueva colaboración de A Ma Maniere x Nike Exterior de cuero. Puntera perforada. Revestimientos de cuero alrededor de la puntera, paneles de ojales y contrafuerte del talón. Cordonera frontal con dubrae grabada a láser en el cordón inferior. Lengüeta de cuero acolchada con una etiqueta de cuero cosida en la parte superior y el logotipo estampado en el centro. Parches de cuero con el logotipo cosidos en los paneles laterales con ribete de cuero. Forro acolchado con monograma de jacquard. Entresuela de goma. Suela de goma translúcida.', 'Caballero', NULL);


--
-- Data for Name: reserva_temporal; Type: TABLE DATA; Schema: public; Owner: postgres
--



--
-- Data for Name: reserva_temporal_detalle; Type: TABLE DATA; Schema: public; Owner: postgres
--



--
-- Data for Name: roles; Type: TABLE DATA; Schema: public; Owner: postgres
--

INSERT INTO public.roles (id_rol, nombre) VALUES
('1', 'CLIENTE'),
('2', 'ADMINISTRADOR'),
('3', 'REPARTIDOR'),
('4', 'VENTAS');


--
-- Data for Name: usuarios; Type: TABLE DATA; Schema: public; Owner: postgres
--

INSERT INTO public.usuarios (id_usuario, nombre_completo, email, password, id_rol, tipo_documento, numero_documento, telefono, activo, email_contacto, telefono_secundario, zona) VALUES
('1', 'Juan Cliente', 'cliente@gmail.com', '$2a$10$YmgqYTAqXsc.i1CtdkbSi.QW.sS7pmAI98YEpBQPlFnweJMjht/pu', '1', NULL, NULL, NULL, true, NULL, NULL, NULL),
('5', 'Bradley', 'Bradleytrinidad70890424@gmail.com', '$2a$10$a6kxEfeoOzgkk.CPW7mvPu6yw9bZixjt41KEiPPedkLWUeVlf9SEK', '1', 'DNI', '70526548', '963963963', true, NULL, NULL, NULL),
('6', 'Jorge', 'jorge1@gmail.com', '$2a$10$vX1Cb03MRA/z6TpViQtoI.wqqqQBSMcwfiDewfG02jR6zxROsjUjm', '1', 'DNI', '9685474', '963285963', true, NULL, NULL, NULL),
('7', 'JULIO d', 'julio@gmail.com', '$2a$10$FwW7BlqIDQigqhlG/zYFFewv6m0Y1hl94Qi9qZrzDf0QxdqxlEWKK', '1', 'DNI', '845852', '8562541', true, NULL, NULL, NULL),
('11', 'Carlos Diaz', 'carlos@gmail.com', '', '1', NULL, '96365262', NULL, true, NULL, NULL, NULL),
('12', 'sebastian', 'sebastian@gmail.com', '$2a$10$ObOYjLq9SW16r4btRuGwd.qJiP4Ew9FCFWx9ezucy4Joxj7ZBM61m', '1', NULL, '8459584', NULL, true, NULL, NULL, NULL),
('2', 'Administrador', 'administrador@gmail.com', '$2a$10$YmgqYTAqXsc.i1CtdkbSi.QW.sS7pmAI98YEpBQPlFnweJMjht/pu', '2', '', '8956484', '987654321', true, 'brhe432@gmail.com', '999999992', NULL),
('3', 'Carlos Repartidor', 'repartidor@gmail.com', '$2a$10$YmgqYTAqXsc.i1CtdkbSi.QW.sS7pmAI98YEpBQPlFnweJMjht/pu', '3', '', '78985414', '987654321', true, 'carlos@gmail.com', '999999999', 'NORTE'),
('8', 'kevin', 'repartidor2@gmail.com', '$2a$10$.i2Kt1WJkcDBKHiqwTKHg.RK3hxXp19MBcEd7WoFDYKtF.Q.A.eDS', '3', '', '70852541', '963852147', true, 'juan3216trin@gmail.com', '969696969', 'SUR'),
('13', 'brayan', 'repartidor3@gmail.com', '$2a$10$HGjlCm9G9qMMlQjaDv1uxuUDiWnPIxJCxRE83d/KD5sNiyCLnPBqK', '3', NULL, NULL, NULL, true, NULL, NULL, 'ESTE'),
('14', 'Daniel', 'repartidor4@gmail.com', '$2a$10$ZV6KHYgG4jA.ziUy4TSfaOu5N1.e.rGqEWq7zOpp1KEmFX8J8z9ym', '3', NULL, NULL, NULL, true, NULL, NULL, 'CENTRO'),
('4', 'Maria Vendedora', 'ventas@gmail.com', '$2a$10$YmgqYTAqXsc.i1CtdkbSi.QW.sS7pmAI98YEpBQPlFnweJMjht/pu', '4', '', '71542154', '963369369', true, 'camila@gmail.com', '999999991', NULL);


--
-- Name: campanas_promocionales_id_campana_seq; Type: SEQUENCE SET; Schema: public; Owner: postgres
--

SELECT pg_catalog.setval('public.campanas_promocionales_id_campana_seq', 3, true);


--
-- Name: carrito_items_id_seq; Type: SEQUENCE SET; Schema: public; Owner: postgres
--

SELECT pg_catalog.setval('public.carrito_items_id_seq', 1, false);


--
-- Name: comprobantes_id_comprobante_seq; Type: SEQUENCE SET; Schema: public; Owner: postgres
--

SELECT pg_catalog.setval('public.comprobantes_id_comprobante_seq', 24, true);


--
-- Name: detalle_pedidos_id_detalle_seq; Type: SEQUENCE SET; Schema: public; Owner: postgres
--

SELECT pg_catalog.setval('public.detalle_pedidos_id_detalle_seq', 28, true);


--
-- Name: direcciones_id_direccion_seq; Type: SEQUENCE SET; Schema: public; Owner: postgres
--

SELECT pg_catalog.setval('public.direcciones_id_direccion_seq', 22, true);


--
-- Name: pagos_id_pago_seq; Type: SEQUENCE SET; Schema: public; Owner: postgres
--

SELECT pg_catalog.setval('public.pagos_id_pago_seq', 24, true);


--
-- Name: pedidos_id_pedido_seq; Type: SEQUENCE SET; Schema: public; Owner: postgres
--

SELECT pg_catalog.setval('public.pedidos_id_pedido_seq', 24, true);


--
-- Name: productos_id_producto_seq; Type: SEQUENCE SET; Schema: public; Owner: postgres
--

SELECT pg_catalog.setval('public.productos_id_producto_seq', 8, true);


--
-- Name: reserva_temporal_detalle_id_seq; Type: SEQUENCE SET; Schema: public; Owner: postgres
--

SELECT pg_catalog.setval('public.reserva_temporal_detalle_id_seq', 1, false);


--
-- Name: reserva_temporal_id_seq; Type: SEQUENCE SET; Schema: public; Owner: postgres
--

SELECT pg_catalog.setval('public.reserva_temporal_id_seq', 1, false);


--
-- Name: usuarios_id_usuario_seq; Type: SEQUENCE SET; Schema: public; Owner: postgres
--

SELECT pg_catalog.setval('public.usuarios_id_usuario_seq', 14, true);


--
-- Name: campanas_promocionales campanas_promocionales_pkey; Type: CONSTRAINT; Schema: public; Owner: postgres
--

ALTER TABLE ONLY public.campanas_promocionales
    ADD CONSTRAINT campanas_promocionales_pkey PRIMARY KEY (id_campana);


--
-- Name: carrito_items carrito_items_pkey; Type: CONSTRAINT; Schema: public; Owner: postgres
--

ALTER TABLE ONLY public.carrito_items
    ADD CONSTRAINT carrito_items_pkey PRIMARY KEY (id);


--
-- Name: comprobantes comprobantes_pkey; Type: CONSTRAINT; Schema: public; Owner: postgres
--

ALTER TABLE ONLY public.comprobantes
    ADD CONSTRAINT comprobantes_pkey PRIMARY KEY (id_comprobante);


--
-- Name: comprobantes comprobantes_serie_numero_key; Type: CONSTRAINT; Schema: public; Owner: postgres
--

ALTER TABLE ONLY public.comprobantes
    ADD CONSTRAINT comprobantes_serie_numero_key UNIQUE (serie_numero);


--
-- Name: detalle_pedidos detalle_pedidos_pkey; Type: CONSTRAINT; Schema: public; Owner: postgres
--

ALTER TABLE ONLY public.detalle_pedidos
    ADD CONSTRAINT detalle_pedidos_pkey PRIMARY KEY (id_detalle);


--
-- Name: direcciones direcciones_pkey; Type: CONSTRAINT; Schema: public; Owner: postgres
--

ALTER TABLE ONLY public.direcciones
    ADD CONSTRAINT direcciones_pkey PRIMARY KEY (id_direccion);


--
-- Name: pagos pagos_pkey; Type: CONSTRAINT; Schema: public; Owner: postgres
--

ALTER TABLE ONLY public.pagos
    ADD CONSTRAINT pagos_pkey PRIMARY KEY (id_pago);


--
-- Name: pedidos pedidos_pkey; Type: CONSTRAINT; Schema: public; Owner: postgres
--

ALTER TABLE ONLY public.pedidos
    ADD CONSTRAINT pedidos_pkey PRIMARY KEY (id_pedido);


--
-- Name: producto_tallas producto_tallas_pkey; Type: CONSTRAINT; Schema: public; Owner: postgres
--

ALTER TABLE ONLY public.producto_tallas
    ADD CONSTRAINT producto_tallas_pkey PRIMARY KEY (id_producto, talla);


--
-- Name: productos productos_pkey; Type: CONSTRAINT; Schema: public; Owner: postgres
--

ALTER TABLE ONLY public.productos
    ADD CONSTRAINT productos_pkey PRIMARY KEY (id_producto);


--
-- Name: reserva_temporal_detalle reserva_temporal_detalle_pkey; Type: CONSTRAINT; Schema: public; Owner: postgres
--

ALTER TABLE ONLY public.reserva_temporal_detalle
    ADD CONSTRAINT reserva_temporal_detalle_pkey PRIMARY KEY (id);


--
-- Name: reserva_temporal reserva_temporal_pkey; Type: CONSTRAINT; Schema: public; Owner: postgres
--

ALTER TABLE ONLY public.reserva_temporal
    ADD CONSTRAINT reserva_temporal_pkey PRIMARY KEY (id);


--
-- Name: roles roles_pkey; Type: CONSTRAINT; Schema: public; Owner: postgres
--

ALTER TABLE ONLY public.roles
    ADD CONSTRAINT roles_pkey PRIMARY KEY (id_rol);


--
-- Name: usuarios usuarios_email_key; Type: CONSTRAINT; Schema: public; Owner: postgres
--

ALTER TABLE ONLY public.usuarios
    ADD CONSTRAINT usuarios_email_key UNIQUE (email);


--
-- Name: usuarios usuarios_numero_documento_key; Type: CONSTRAINT; Schema: public; Owner: postgres
--

ALTER TABLE ONLY public.usuarios
    ADD CONSTRAINT usuarios_numero_documento_key UNIQUE (numero_documento);


--
-- Name: usuarios usuarios_pkey; Type: CONSTRAINT; Schema: public; Owner: postgres
--

ALTER TABLE ONLY public.usuarios
    ADD CONSTRAINT usuarios_pkey PRIMARY KEY (id_usuario);


--
-- Name: comprobantes comprobantes_id_pedido_fkey; Type: FK CONSTRAINT; Schema: public; Owner: postgres
--

ALTER TABLE ONLY public.comprobantes
    ADD CONSTRAINT comprobantes_id_pedido_fkey FOREIGN KEY (id_pedido) REFERENCES public.pedidos(id_pedido) ON DELETE CASCADE;


--
-- Name: detalle_pedidos detalle_pedidos_id_pedido_fkey; Type: FK CONSTRAINT; Schema: public; Owner: postgres
--

ALTER TABLE ONLY public.detalle_pedidos
    ADD CONSTRAINT detalle_pedidos_id_pedido_fkey FOREIGN KEY (id_pedido) REFERENCES public.pedidos(id_pedido) ON DELETE CASCADE;


--
-- Name: detalle_pedidos detalle_pedidos_id_producto_fkey; Type: FK CONSTRAINT; Schema: public; Owner: postgres
--

ALTER TABLE ONLY public.detalle_pedidos
    ADD CONSTRAINT detalle_pedidos_id_producto_fkey FOREIGN KEY (id_producto) REFERENCES public.productos(id_producto);


--
-- Name: direcciones direcciones_id_usuario_fkey; Type: FK CONSTRAINT; Schema: public; Owner: postgres
--

ALTER TABLE ONLY public.direcciones
    ADD CONSTRAINT direcciones_id_usuario_fkey FOREIGN KEY (id_usuario) REFERENCES public.usuarios(id_usuario) ON DELETE CASCADE;


--
-- Name: pedidos fk3uayvsdbsbt5114wqdw7j0427; Type: FK CONSTRAINT; Schema: public; Owner: postgres
--

ALTER TABLE ONLY public.pedidos
    ADD CONSTRAINT fk3uayvsdbsbt5114wqdw7j0427 FOREIGN KEY (id_repartidor) REFERENCES public.usuarios(id_usuario);


--
-- Name: producto_tallas fkdfhmvkq8c6hmh0k10fvtqtrw3; Type: FK CONSTRAINT; Schema: public; Owner: postgres
--

ALTER TABLE ONLY public.producto_tallas
    ADD CONSTRAINT fkdfhmvkq8c6hmh0k10fvtqtrw3 FOREIGN KEY (id_producto) REFERENCES public.productos(id_producto);


--
-- Name: reserva_temporal_detalle fkeqcbiul5ow1nhic8cfof6o8x1; Type: FK CONSTRAINT; Schema: public; Owner: postgres
--

ALTER TABLE ONLY public.reserva_temporal_detalle
    ADD CONSTRAINT fkeqcbiul5ow1nhic8cfof6o8x1 FOREIGN KEY (producto_id) REFERENCES public.productos(id_producto);


--
-- Name: carrito_items fkfaxp2h71mb51yhv0atg107irl; Type: FK CONSTRAINT; Schema: public; Owner: postgres
--

ALTER TABLE ONLY public.carrito_items
    ADD CONSTRAINT fkfaxp2h71mb51yhv0atg107irl FOREIGN KEY (producto_id) REFERENCES public.productos(id_producto);


--
-- Name: reserva_temporal_detalle fkm4mj3y4cpolr3j829391v4v6e; Type: FK CONSTRAINT; Schema: public; Owner: postgres
--

ALTER TABLE ONLY public.reserva_temporal_detalle
    ADD CONSTRAINT fkm4mj3y4cpolr3j829391v4v6e FOREIGN KEY (reserva_id) REFERENCES public.reserva_temporal(id);


--
-- Name: pedidos fks7wekiow125w0o49ljh2lvjs8; Type: FK CONSTRAINT; Schema: public; Owner: postgres
--

ALTER TABLE ONLY public.pedidos
    ADD CONSTRAINT fks7wekiow125w0o49ljh2lvjs8 FOREIGN KEY (id_vendedor) REFERENCES public.usuarios(id_usuario);


--
-- Name: pagos pagos_id_pedido_fkey; Type: FK CONSTRAINT; Schema: public; Owner: postgres
--

ALTER TABLE ONLY public.pagos
    ADD CONSTRAINT pagos_id_pedido_fkey FOREIGN KEY (id_pedido) REFERENCES public.pedidos(id_pedido) ON DELETE CASCADE;


--
-- Name: pedidos pedidos_id_cliente_fkey; Type: FK CONSTRAINT; Schema: public; Owner: postgres
--

ALTER TABLE ONLY public.pedidos
    ADD CONSTRAINT pedidos_id_cliente_fkey FOREIGN KEY (id_cliente) REFERENCES public.usuarios(id_usuario);


--
-- Name: pedidos pedidos_id_direccion_fkey; Type: FK CONSTRAINT; Schema: public; Owner: postgres
--

ALTER TABLE ONLY public.pedidos
    ADD CONSTRAINT pedidos_id_direccion_fkey FOREIGN KEY (id_direccion) REFERENCES public.direcciones(id_direccion);


--
-- Name: usuarios usuarios_id_rol_fkey; Type: FK CONSTRAINT; Schema: public; Owner: postgres
--

ALTER TABLE ONLY public.usuarios
    ADD CONSTRAINT usuarios_id_rol_fkey FOREIGN KEY (id_rol) REFERENCES public.roles(id_rol);


--
-- PostgreSQL database dump complete
--


